"Region","State","Project Name","Delivery Track","BTS / Customer","Site id","Site Name","Loading date from wi team","Permission Required Date","Complete date","TAT","Aging","WI TAT","TAT Remarks","Pending/YTS","Remarks","Another Remarks if Required","Work Order Status","Work Order (WO) Remarks"
"East","West Bengal","Zero customer sector dismantling","BTS Dismantle","BTS","WEBQBH0483","KARIMPUR","45660.0","45660.0","45671.0","11","593","7.0","Outside TAT","Fully Completed","67","","","NIL"
"East","Bihar","Zero customer sector dismantling","BTS Dismantle","BTS","BIHKAT1119","UW_BIHAR_0800_MIRCHAI","45668.0","45668.0","45676.0","8","585","7.0","Outside TAT","Fully Completed","67","","","NIL"
"East","Bihar","Zero customer sector dismantling","BTS Dismantle","BTS","BIHPAT0288","Bhakhtiarpur","45668.0","45668.0","45675.0","7","585","7.0","In TAT","Fully Completed","67","","","NIL"
"East","Orissa","Zero customer sector dismantling","BTS Dismantle","BTS","IN-2035228","BALUGAON","45684.0","45684.0","45685.0","1","569","7.0","In TAT","Fully Completed","67","","","NIL"
"East","Bihar","Zero customer sector dismantling","BTS Dismantle","BTS","BIHQGA0116","New Dhiliya","45668.0","45668.0","45674.0","6","585","7.0","In TAT","Fully Completed","67","","","NIL"
"East","West Bengal","Zero customer sector dismantling","BTS Dismantle","BTS","IN-1038001","BAGNAN2","45684.0","45685.0","45689.0","4","568","7.0","In TAT","Fully Completed","67","","","NIL"
"East","West Bengal","Zero customer sector dismantling","BTS Dismantle","BTS","WEBQBH0483","KARIMPUR","45660.0","45660.0","45671.0","11","593","7.0","Outside TAT","Fully Completed","67","","","NIL"
"East","Bihar","Zero customer sector dismantling","BTS Dismantle","BTS","BIHKAT1119","UW_BIHAR_0800_MIRCHAI","45668.0","45668.0","45676.0","8","585","7.0","Outside TAT","Fully Completed","67","","","NIL"
"East","Orissa","Emergency Relocation","BTS Survey","BTS","INOD001230","NAKHARA","45632.0","45632.0","45633.0","1","621","3.0","In TAT","Fully Completed","67"
"East","Bihar","Zero customer sector dismantling","BTS Dismantle","BTS","BIHPAT0288","Bhakhtiarpur","45668.0","45668.0","45675.0","7","585","7.0","In TAT","Fully Completed","67","","","NIL"
"East","West Bengal","BH Augmentation - BAU-UBR BH FY25","UBR BH Dismantle","UBR BH","WEBBUR0936","Katwa","45666.0","45666.0","45667.0","1","587","7.0","In TAT","Fully Completed","67","","","NIL"
"East","West Bengal","Emergency Relocation","BTS Dismantle","BTS","IN-1037083","MEDIA CHOUMATHA","45652.0","45712.0","45713.0","1","541","7.0","In TAT","Fully Completed","Access issue","67","","NIL"
"East","Assam","CX4 to Conventional BH FY 25 Project","PMP Customer Installation","Customer","091DARR623037547145","TCS PASSPORT SEVA PROJECT","45656.0","45656.0","45659.0","3","597","5.0","In TAT","Fully Completed","67","","","NIL"
"East","Assam","PTP to PMP Phase-II Extn. Customer Migration","PMP Customer Installation","Customer","091GUWA6230A0060724","Hyundai Motor India Limited","45657.0","45657.0","45660.0","3","596","5.0","In TAT","Fully Completed","67","","","NIL"
"East","Orissa","Zero customer sector dismantling","BTS Dismantle","BTS","IN-2035228","BALUGAON","45684.0","45684.0","45685.0","1","569","7.0","In TAT","Fully Completed","67","","","NIL"
"East","West Bengal","Top 34 Accounts","BTS Dismantle","BTS","WEBHOO1109","RISHRA_SC CHATTERJEE ST","45660.0","45660.0","45663.0","3","593","7.0","In TAT","Fully Completed","67","","","NIL"
"East","Orissa","BH migration from TTSL to alternate FY25","BTS Survey","BTS","ORGT12546","EBDKMATHSH","45661.0","45661.0","45662.0","1","592","3.0","In TAT","Fully Completed","67","","","NIL"
"East","Orissa","BH migration from TTSL to alternate FY25","BTS Survey","BTS","OR/BD/BS/14565","BANKA SAHI","45661.0","45661.0","45662.0","1","592","3.0","In TAT","Fully Completed","67","","","NIL"
"East","Orissa","BH migration from TTSL to alternate FY25","UBR BH Survey","UBR BH","ORIKEN0679","Kendrapara_004_GSM","45661.0","45661.0","45665.0","4","592","3.0","Outside TAT","Fully Completed","Previous survey TAT was 5 days","67","","NIL"
"East","Orissa","BH migration from TTSL to alternate FY25","UBR BH Survey","UBR BH","ORIPUR0328","Nimapada_2","45661.0","45661.0","45665.0","4","592","3.0","Outside TAT","Fully Completed","Previous survey TAT was 5 days","67","","NIL"
"East","Orissa","CX4 to Conventional BH FY 25","UBR BH Survey","UBR BH","ORIPUR0341","SAKHIGOPAL","45666.0","45667.0","45668.0","1","586","3.0","In TAT","Fully Completed","67","","","NIL"
"East","Orissa","CX4 to Conventional BH FY 25","UBR BH Survey","UBR BH","OR3002","Salepur","45666.0","45668.0","45670.0","2","585","3.0","In TAT","Fully Completed","67","","","NIL"
"East","West Bengal","BS Augment: UBR Backhaul to Direct FY24","BTS Survey","BTS","IN-1231417","NDEWDEWNTLA1","45666.0","45667.0","45668.0","1","586","3.0","In TAT","Fully Completed","67","","","NIL"
"East","Bihar","Zero customer sector dismantling","BTS Dismantle","BTS","BIHQGA0116","New Dhiliya","45668.0","45668.0","45674.0","6","585","7.0","In TAT","Fully Completed","67","","","NIL"
"East","West Bengal","BS Augment: UBR Backhaul to Direct FY24","BTS Survey","BTS","IN-1023828","GHOLA","45666.0","45667.0","45670.0","3","586","3.0","In TAT","Fully Completed","67","","","NIL"
"East","Orissa","CX4 to Conventional BH FY 25","UBR BH Survey","UBR BH","ORIKHU0593","AIGINIA (AIGINIA PETROL PUMP)","45667.0","45668.0","45670.0","2","585","3.0","In TAT","Fully Completed","67","","","NIL"
"East","Orissa","BH migration from TTSL to alternate FY25","BTS Survey","BTS","ID-1008250","KUMBHAR PADA","45668.0","45668.0","45668.0","0","585","3.0","In TAT","Fully Completed","67","","","NIL"
"East","Orissa","CX4 to Conventional BH FY 25","BTS Survey","BTS","IN-2039651","ORRT18650","45670.0","45671.0","45672.0","1","582","3.0","In TAT","Fully Completed","67","","","NIL"
"East","West Bengal","Zero customer sector dismantling","BTS Dismantle","BTS","IN-1038001","BAGNAN2","45684.0","45685.0","45689.0","4","568","7.0","In TAT","Fully Completed","67","","","NIL"
"East","West Bengal","PTP to PMP Phase-II Extn. Customer Migration","Customer Survey","Customer","091NORT623010432629","ICICI Bank Limited","45661.0","45661.0","45665.0","4","592","3.0","Outside TAT","Fully Completed","Previous survey TAT was 5 days","67","","NIL"
"East","Orissa","BH migration from TTSL to alternate FY25","BTS Survey","BTS","ORIPUR0670","Puri_018_GSM","45671.0","45671.0","45673.0","2","582","3.0","In TAT","Fully Completed","67","","","NIL"
"East","West Bengal","L1-L2 improvement FY24 Ph-2, 80 sites","BTS Installation","BTS","IN-1023313","BALLYGUNGE","45684.0","45684.0","45700.0","16","569","5.0","Outside TAT","Fully Completed","Access issue at IM end","67","","NIL"
"East","West Bengal","L1-L2 improvement FY24 Ph-2, 80 sites","UBR BH Installation","UBR BH","IN-1023313","BALLYGUNGE","45684.0","45684.0","45700.0","16","569","5.0","Outside TAT","Fully Completed","Access issue at IM end","67","","NIL"
"East","Jharkhand","PTP to PMP Phase-II Extn. Customer Migration","Customer Survey","Customer","091JAMS623034041020","IDFC FIRST BANK LIMITED","45672.0","45672.0","45675.0","3","581","3.0","In TAT","Fully Completed","163"
"East","Orissa","Emergency Relocation","UBR BH Survey","UBR BH","OR/CU/VO/10012","TELENGAPENTHA","45632.0","45632.0","45633.0","1","621","3.0","In TAT","Fully Completed","67","","","WO Order Release But dut to PO shortfall New WO Not Release"
"East","Jharkhand","Platform Migration-Ph4 PTP To PMP","PMP Customer Installation","Customer","091JAMS623034041020","IDFC FIRST BANK LIMITED","45672.0","45672.0","45675.0","3","581","5.0","In TAT","Fully Completed","163"
"East","Jharkhand","PTP to PMP Phase-II Extn. Customer Migration","Customer Survey","Customer","091RANC623034318311","UNION BANK OF INDIA","45646.0","45656.0","45661.0","5","597","3.0","Outside TAT","Fully Completed","Previous survey TAT was 5 days","67","","NIL"
"East","Jharkhand","PTP to PMP Phase-II Extn. Customer Migration","PMP Customer Installation","Customer","091RANC623017021258","Bajaj Finance Limited","45674.0","45675.0","45678.0","3","578","5.0","In TAT","Fully Completed","67","","","NIL"
"East","West Bengal","L1-L2 Improvement- 40 Sites","BTS Survey","BTS","IN-1037824","RANAGHAT","45677.0","45677.0","45679.0","2","576","3.0","In TAT","Fully Completed","67","","","NIL"
"East","West Bengal","L1-L2 Improvement- 40 Sites","BTS Installation","BTS","IN-1037824","RANAGHAT","45677.0","45677.0","45679.0","2","576","5.0","In TAT","Fully Completed","67","","","NIL"
"East","Orissa","BS Augment: UBR Backhaul to Direct FY24","BTS Survey","BTS","ORGT10168","New Bus stand-Athagarh","45679.0","45679.0","45684.0","5","574","3.0","Outside TAT","Fully Completed","Previous survey TAT was 5 days","67","","NIL"
"East","Orissa","BS Augment: UBR Backhaul to Direct FY24","BTS Survey","Customer","091ATHA6230A0052113","ICICI Bank Limited","45679.0","45679.0","45684.0","5","574","3.0","Outside TAT","Fully Completed","Previous survey TAT was 5 days","67","","NIL"
"East","West Bengal","BH migration from TTSL to alternate FY25","WAN survey","BTS","WEBSOU0879","Joynagar-01","45678.0","45679.0","45680.0","1","574","2.0","In TAT","Fully Completed","67","","","NIL"
"East","Orissa","CX4 to Conventional BH FY 25","BTS Survey","BTS","ORGT10639","Deogarh","45679.0","45681.0","45684.0","3","572","3.0","In TAT","Fully Completed","67","","","NIL"
"East","West Bengal","BH Augmentation - BAU-UBR BH FY25","UBR BH Dismantle","UBR BH","WEBBUR0936","Katwa","45666.0","45666.0","45667.0","1","587","7.0","In TAT","Fully Completed","67","","","NIL"
"East","West Bengal","Emergency Relocation","BTS Dismantle","BTS","IN-1037083","MEDIA CHOUMATHA","45652.0","45712.0","45713.0","1","541","7.0","In TAT","Fully Completed","Access issue","67","","NIL"
"East","Orissa","CX4 to Conventional BH FY 25","BTS Survey","BTS","ORGT10809","Anandpur 1","45679.0","45681.0","45686.0","5","572","3.0","Outside TAT","Fully Completed","Previous survey TAT was 5 days","67","","NIL"
"East","Assam","CX4 to Conventional BH FY 25 Project","PMP Customer Installation","Customer","091DARR623037547145","TCS PASSPORT SEVA PROJECT","45656.0","45656.0","45659.0","3","597","5.0","In TAT","Fully Completed","67","","","NIL"
"East","Orissa","CX4 to Conventional BH FY 25","BTS Survey","BTS","ORGT17328","Butipalli / Burlipali","45679.0","45684.0","45685.0","1","569","3.0","In TAT","Fully Completed","67","","","NIL"
"East","Assam","PTP to PMP Phase-II Extn. Customer Migration","PMP Customer Installation","Customer","091GUWA6230A0060724","Hyundai Motor India Limited","45657.0","45657.0","45660.0","3","596","5.0","In TAT","Fully Completed","67","","","NIL"
"East","Jharkhand","PTP to PMP Phase-II Extn. Customer Migration","Customer Survey","Customer","091RANC623017021258","Bajaj Finance Limited","45646.0","45656.0","45661.0","5","597","3.0","Outside TAT","Fully Completed","Previous survey TAT was 5 days","67","","NIL"
"East","West Bengal","Top 34 Accounts","BTS Dismantle","BTS","WEBHOO1109","RISHRA_SC CHATTERJEE ST","45660.0","45660.0","45663.0","3","593","7.0","In TAT","Fully Completed","67","","","NIL"
"East","Orissa","BH migration from TTSL to alternate FY25","BTS Survey","BTS","ORGT12546","EBDKMATHSH","45661.0","45661.0","45662.0","1","592","3.0","In TAT","Fully Completed","67","","","NIL"
"East","Orissa","BH migration from TTSL to alternate FY25","PE Activity","UBR BH","IN-2035504","ORGT10305","45338.0","45338.0","45339.0","1","915","5.0","In TAT","Fully Completed","67","","","NIL"
"East","West Bengal","BH Augmentation - FY25_105","UBR BH Installation","UBR BH","WEBKOL2750","Koikhali","45318.0","45319.0","45325.0","6","934","5.0","Outside TAT","Fully Completed","Material faulty","67","","NIL"
"East","Orissa","BH migration from TTSL to alternate FY25","PE Activity","UBR BH","ORIBHA0068","Bankasahi Colony (Bhadrak)","45661.0","45661.0","45662.0","1","592","5.0","In TAT","Fully Completed","67","","","NIL"
"East","Orissa","BH migration from TTSL to alternate FY25","UBR BH Installation","UBR BH","ORIKEN0679","Kendrapara_004_GSM","45661.0","45661.0","45665.0","4","592","5.0","In TAT","Fully Completed","67","","","NIL"
"East","Orissa","RF Capacity augmentation 65 BS 100 to 45","BTS Installation","BTS","ORISUN0783","Rourkela_Sector_19(GSM)","45693.0","45693.0","45702.0","9","560","5.0","Outside TAT","Fully Completed","67","","","NIL"
"East","Bihar","RF Capacity augmentation 65 BS 100 to 45","BTS Installation","BTS","BIHPAT0269","Fatuwah-01","45693.0","45695.0","45700.0","5","558","5.0","In TAT","Fully Completed","67","","","NIL"
"East","Bihar","Low Potential BS dismantling–38 BS","BTS Dismantle","BTS","BRHY004555","OM NAGAR","45694.0","45695.0","45702.0","7","558","7.0","In TAT","Fully Completed","67","","","NIL"
"East","West Bengal","BH Augmentation - FY25_105","PE Activity","BTS","WEBHOW0249","Sankrail","45696.0","45696.0","45698.0","2","557","21.0","In TAT","Fully Completed","67","","","NIL"
"East","Bihar","L1-L2 improvement FY24 Ph-2, 80 sites","BTS Installation","BTS","BIHPAT0274","Patliputra Colony_Patna","45700.0","45700.0","45705.0","5","553","5.0","In TAT","Fully Completed","67","","","NIL"
"East","West Bengal","Non Performing BS Optimization FY 24","BTS Installation","BTS","EKOLKOLAGHAT1","ID-1007561","45700.0","45701.0","45703.0","2","552","5.0","In TAT","Fully Completed","67","","","NIL"
"East","Orissa","Emergency Relocation","BTS Survey","BTS","OR/RO/AT/667280","BRAMHINTARANG_R","45700.0","45703.0","45704.0","1","550","3.0","In TAT","Fully Completed","67","","","NIL"
"East","Orissa","Emergency Relocation","UBR BH Survey","UBR BH","ORIROU0713","Sector-5, Water Tank","45700.0","45703.0","45704.0","1","550","3.0","In TAT","Fully Completed","67","","","NIL"
"East","Orissa","BH Augmentation - FY25_105","PE Activity","UBR BH","ORIKHU0624","Bhubneshwar_064_GSM","45700.0","45702.0","45704.0","2","551","21.0","In TAT","Fully Completed","67","","","NIL"
"East","Jharkhand","BH Augmentation - FY25_105","PE Activity","UBR BH","JHAEAS1011","Sankosai","45700.0","45702.0","45704.0","2","551","21.0","In TAT","Fully Completed","67","","","NIL"
"East","Jharkhand","Low Potential BS dismantling–50 BS","BTS Dismantle","BTS","JHAEAS0132","BR42_Jam_Matamandir01","45700.0","45702.0","45710.0","8","551","7.0","Outside TAT","Fully Completed","67","","","NIL"
"East","Meghalaya","Top 34 Accounts","BTS Dismantle","BTS","MEGEAS0005","Nongthymmai","45702.0","45704.0","45724.0","20","549","7.0","Outside TAT","Fully Completed","67","","","NIL"
"East","West Bengal","Capacity Augmentation - UBR-Q2 FY 24","BTS Installation","BTS","WEBBUR0953","BURDWAN_007","45705.0","45705.0","45707.0","2","548","5.0","In TAT","Fully Completed","67","","","NIL"
"East","Orissa","Emergency Relocation","BTS Installation","BTS","OR/RO/AT/667280","BRAMHINTARANG_R","45723.0","45724.0","45727.0","3","529","3.0","In TAT","Fully Completed","67","","","NIL"
"East","West Bengal","BS Augment: UBR Backhaul to Direct FY24","PE Activity","BTS","WEBNOR0624","KALYANI CENTRAL PARK","45723.0","45723.0","45724.0","1","530","21.0","In TAT","Fully Completed","67","","","NIL"
"East","Assam","Capacity Diminution FY25","BTS Dismantle","BTS","ASMKAM0075","Zoo Road","45724.0","45724.0","45725.0","1","529","7.0","In TAT","Fully Completed","67","","","NIL"
"East","West Bengal","BS Augment: UBR Backhaul to Direct FY24","BTS Dismantle","BTS","WEBMUR0473","Jangipur","45724.0","45725.0","45728.0","3","528","7.0","In TAT","Fully Completed","67","","","NIL"
"East","Orissa","Emergency Relocation","BTS Installation","BTS","IN-2036029","Rajgangpur","45712.0","45713.0","45729.0","16","540","3.0","Outside TAT","Fully Completed","67","","","NIL"
"East","West Bengal","BS Augment: UBR Backhaul to Direct FY24","BTS Survey","BTS","WEBNAD0512","Chakdah","45740.0","45740.0","45741.0","1","513","3.0","In TAT","Fully Completed","67","","","NIL"
"East","Orissa","BH migration from TTSL to alternate FY25","BTS Survey","BTS","OR/BD/BS/14565","BANKA SAHI","45661.0","45661.0","45662.0","1","592","3.0","In TAT","Fully Completed","67","","","NIL"
"East","Orissa","BH migration from TTSL to alternate FY25","UBR BH Survey","UBR BH","ORIKEN0679","Kendrapara_004_GSM","45661.0","45661.0","45665.0","4","592","3.0","Outside TAT","Fully Completed","Previous survey TAT was 5 days","67","","NIL"
"East","Assam","CX4 to Conventional BH FY 25","BTS Dismantle","BTS","TRAS0023","M G Road","45741.0","45741.0","45745.0","4","512","7.0","In TAT","Fully Completed","67","","","NIL"
"East","Assam","CX4 to Conventional BH FY 25","BTS Survey","BTS","IN-2000399","ASGT10399","45741.0","45742.0","45748.0","6","511","3.0","Outside TAT","Fully Completed","NESA location","67","","NIL"
"East","Orissa","BH migration from TTSL to alternate FY25","UBR BH Survey","UBR BH","ORIPUR0328","Nimapada_2","45661.0","45661.0","45665.0","4","592","3.0","Outside TAT","Fully Completed","Previous survey TAT was 5 days","67","","NIL"
"East","Orissa","CX4 to Conventional BH FY 25","UBR BH Survey","UBR BH","ORIPUR0341","SAKHIGOPAL","45666.0","45667.0","45668.0","1","586","3.0","In TAT","Fully Completed","67","","","NIL"
"East","Bihar","Non Performing BS Optimization Ph-10A","UBR BH Installation","UBR BH","BIHGAY0138","Gaya_Ashok Nagar","45875.0","45898.0","45915.0","17","355","5.0","Outside TAT","Fully Completed","Physical installation completed, Device faulty","246","","Need to Adjust ( Work done by Soutik)"
"East","Orissa","CX4 to Conventional BH FY 25 Project","BTS Installation","BTS","IN-2037556","Aiginia Techno","45755.0","45755.0","45758.0","3","498","5.0","In TAT","Fully Completed","67","","","NIL"
"East","Orissa","Emergency Relocation","BTS Survey","BTS","OR/BH/AI/0135","Jaydev Vihar Square","45762.0","45763.0","45764.0","1","490","2.0","In TAT","Fully Completed","67","","","NIL"
"East","Orissa","Emergency Relocation","UBR BH Survey","UBR BH","OR/BH/AI/0135","Jaydev Vihar Square","45762.0","45763.0","45765.0","2","490","3.0","In TAT","Fully Completed","67","","","NIL"
"East","Orissa","Emergency Relocation","UBR BH Survey","UBR BH","ORIKHU0261","Forest Park","45762.0","45763.0","45765.0","2","490","3.0","In TAT","Fully Completed","67","","","NIL"
"East","Bihar","BAU Dismantling - FY 26","BTS Dismantle","BTS","BIHMAD0201","Jhanjharpur_02","45768.0","45768.0","45770.0","2","485","7.0","In TAT","Fully Completed","67","","","NIL"
"East","Orissa","CX4 to Conventional BH FY 25","UBR BH Survey","UBR BH","OR3002","Salepur","45666.0","45668.0","45670.0","2","585","3.0","In TAT","Fully Completed","67","","","NIL"
"East","West Bengal","BS Augment: UBR Backhaul to Direct FY24","BTS Survey","BTS","IN-1231417","NDEWDEWNTLA1","45666.0","45667.0","45668.0","1","586","3.0","In TAT","Fully Completed","67","","","NIL"
"East","West Bengal","BS Augment: UBR Backhaul to Direct FY24","Customer Survey","Customer","091SOUT623006134868","IndusInd Bank Limited","45666.0","45669.0","45670.0","1","584","3.0","In TAT","Fully Completed","67","","","NIL"
"East","West Bengal","BS Augment: UBR Backhaul to Direct FY24","BTS Survey","BTS","IN-1023828","GHOLA","45666.0","45667.0","45670.0","3","586","3.0","In TAT","Fully Completed","67","","","NIL"
"East","Orissa","CX4 to Conventional BH FY 25","UBR BH Survey","UBR BH","ORIKHU0593","AIGINIA (AIGINIA PETROL PUMP)","45667.0","45668.0","45670.0","2","585","3.0","In TAT","Fully Completed","67","","","NIL"
"East","Orissa","BH migration from TTSL to alternate FY25","BTS Survey","BTS","ID-1008250","KUMBHAR PADA","45668.0","45668.0","45668.0","0","585","3.0","In TAT","Fully Completed","67","","","NIL"
"East","Orissa","CX4 to Conventional BH FY 25","BTS Survey","BTS","IN-2039651","ORRT18650","45670.0","45671.0","45672.0","1","582","3.0","In TAT","Fully Completed","67","","","NIL"
"East","Assam","Non Performing BS Optimization Ph-10A","PE Activity","BTS","ASGWT068","Adabari_02","45770.0","45793.0","45795.0","2","460","21.0","In TAT","Fully Completed","PE activity","67","","NIL"
"East","Assam","Top 34 Accounts","BTS Installation","BTS","ASMBAR0002","Barpeta Road","45770.0","45771.0","45787.0","16","482","5.0","Outside TAT","Fully Completed","67","","","NIL"
"East","Bihar","Top 34 Accounts","BTS Installation","BTS","BIHGAY0137","Station_Road_Gaya","45770.0","45771.0","45776.0","5","482","5.0","In TAT","Fully Completed","67","","","NIL"
"East","Bihar","Top 34 Accounts","BTS Installation","BTS","BIHJAH0154","Jehanabad-01","45770.0","45771.0","45776.0","5","482","5.0","In TAT","Fully Completed","67","","","NIL"